insert into "enderecos" ("bairro", "cep", "cidade", "complemento", "estado", "id", "logradouro") values ('Comercial', '68925055', 'Santana', 'Ap. 105', 'AP', '1001', 'Avenida Amapá, 111');
insert into "enderecos" ("bairro", "cep", "cidade", "complemento", "estado", "id", "logradouro") values ('Paranoá', '71572310', 'Brasília', 'Ap. 118', 'DF', '1002', 'Quadra 23 Conjunto J, 140');
insert into "enderecos" ("bairro", "cep", "cidade", "complemento", "estado", "id", "logradouro") values ('Centro', '39400001', 'Montes Claros', 'Casa B', 'MG', '1003', 'Rua Doutor Santos, 1.890');
insert into "enderecos" ("bairro", "cep", "cidade", "complemento", "estado", "id", "logradouro") values ('Farol', '57055190', 'Maceió', '', 'AL', '1004', 'Rua Clementino do Monte, 100');
insert into "enderecos" ("bairro", "cep", "cidade", "complemento", "estado", "id", "logradouro") values ('Plano Diretor Sul', '77017212', 'Palmas', '', 'TO', '1005', 'ACSO 80 Alameda 2, 565');
insert into "enderecos" ("bairro", "cep", "cidade", "complemento", "estado", "id", "logradouro") values ('Rio Novo', '57070546', 'Maceió', '', 'AL', '1006', 'Rua Amanda Virna, 536');
insert into "enderecos" ("bairro", "cep", "cidade", "complemento", "estado", "id", "logradouro") values ('Areal', '69906089', 'Rio Branco', '', 'AC', '1007', 'Rua do Areal, 335');
insert into "enderecos" ("bairro", "cep", "cidade", "complemento", "estado", "id", "logradouro") values ('Jardim Atlântico', '68627484', 'Paragominas', 'Casa A', 'PA', '1008', 'Avenida Júlio Kubitschek, 675');
insert into "enderecos" ("bairro", "cep", "cidade", "complemento", "estado", "id", "logradouro") values ('Jardim Marco Zero', '68903195', 'Macapá', 'Ap 101', 'AP', '1009', 'Rua da Redenção, 1001');
insert into "enderecos" ("bairro", "cep", "cidade", "complemento", "estado", "id", "logradouro") values ('Jardim Atlântico', '68627484', 'Paragominas', '', 'PA', '1010', 'Avenida Júlio Kubitschek, 999');
insert into "enderecos" ("bairro", "cep", "cidade", "complemento", "estado", "id", "logradouro") values ('Parque 10 de Novembro', '69050672', 'Manaus', 'Casa B', 'AM', '1011', 'Rua Pedro Dias Leme, 220');
insert into "enderecos" ("bairro", "cep", "cidade", "complemento", "estado", "id", "logradouro") values ('Centro', '64200440', 'Parnaíba', '', 'PI', '1012', 'Praça Coronel Osório, 1009');
insert into "enderecos" ("bairro", "cep", "cidade", "complemento", "estado", "id", "logradouro") values ('Parque Industrial Avelino Alves Palma', '14077270', 'Ribeirão Preto', 'Ap 502', 'SP', '1013', 'Rua Bruno Malfará, 1001');
insert into "enderecos" ("bairro", "cep", "cidade", "complemento", "estado", "id", "logradouro") values ('Jacintinho', '57040675', 'Maceió', '', 'AL', '1014', 'Travessa Nova, 35A');
insert into "enderecos" ("bairro", "cep", "cidade", "complemento", "estado", "id", "logradouro") values ('Jardim Excelsior', '28915110', 'Cabo Frio', '', 'RJ', '1015', 'Rua Capri, 115');
insert into "enderecos" ("bairro", "cep", "cidade", "complemento", "estado", "id", "logradouro") values ('Redinha', '59122039', 'Natal', '', 'RN', '1016', 'Rua Alto das Dunas, 200');
insert into "enderecos" ("bairro", "cep", "cidade", "complemento", "estado", "id", "logradouro") values ('Loteamento Jardim São Francisco', '69902109', 'Rio Branco', '', 'AC', '1017', 'Alameda A, 555');
insert into "enderecos" ("bairro", "cep", "cidade", "complemento", "estado", "id", "logradouro") values ('Pantanal', '88040270', 'Florianópolis', '', 'SC', '1018', 'Rua Rosa, 515');
insert into "enderecos" ("bairro", "cep", "cidade", "complemento", "estado", "id", "logradouro") values ('Vila Nova', '89237267', 'Joinville', 'Ap 2', 'SC', '1019', 'Rua Gerhard Dietrich Barkemeyer, 514');
insert into "enderecos" ("bairro", "cep", "cidade", "complemento", "estado", "id", "logradouro") values ('Conjunto Tucumã', '69919748', 'Rio Branco', '', 'AC', '1020', 'Rua Malta, 10');
insert into "enderecos" ("bairro", "cep", "cidade", "complemento", "estado", "id", "logradouro") values ('Parque da Fonte', '83050590', 'São José dos Pinhais', '', 'PR', '1021', 'Rua Osvaldo da Silva Bassu, 157');
insert into "enderecos" ("bairro", "cep", "cidade", "complemento", "estado", "id", "logradouro") values ('Novo Oriente', '61919240', 'Maracanaú', '', 'CE', '1022', 'Rua Fernão Dias, 115');
insert into "enderecos" ("bairro", "cep", "cidade", "complemento", "estado", "id", "logradouro") values ('Gruta de Lourdes', '57052720', 'Maceió', '', 'AL', '1023', 'Rua Arquiteto Asdrúbal Sarmento, 44');
insert into "enderecos" ("bairro", "cep", "cidade", "complemento", "estado", "id", "logradouro") values ('Guaratiba', '23026440', 'Rio de Janeiro', '', 'RJ', '1024', 'Rua Pedra do Indaiá, 115');
insert into "enderecos" ("bairro", "cep", "cidade", "complemento", "estado", "id", "logradouro") values ('Alvorada', '69043004', 'Manaus', '', 'AM', '1025', 'Rua Camafen, 1115');
insert into "enderecos" ("bairro", "cep", "cidade", "complemento", "estado", "id", "logradouro") values ('Guará I', '71020671', 'Brasília', 'Ap 12', 'DF', '1026', 'QE 11 Área Especial G, 112');
insert into "enderecos" ("bairro", "cep", "cidade", "complemento", "estado", "id", "logradouro") values ('Eldorado', '69902494', 'Rio Branco', '', 'AC', '1027', 'Rua Independência, 200');
insert into "enderecos" ("bairro", "cep", "cidade", "complemento", "estado", "id", "logradouro") values ('Planalto', '35054180', 'Governador Valadares', 'Ap 301', 'MG', '1028', 'Avenida A, 117');
insert into "enderecos" ("bairro", "cep", "cidade", "complemento", "estado", "id", "logradouro") values ('Buritis', '30575145', 'Belo Horizonte', 'Casa B', 'MG', '1029', 'Rua José Barcellos, 990');
insert into "enderecos" ("bairro", "cep", "cidade", "complemento", "estado", "id", "logradouro") values ('Aeroporto', '49037293', 'Aracaju', '', 'SE', '1030', 'Rua Maria Francisca Cavalcante, S/N');
insert into "enderecos" ("bairro", "cep", "cidade", "complemento", "estado", "id", "logradouro") values ('Roselândia', '93351327', 'Novo Hamburgo', '', 'RS', '1031', 'Rua Cenira Voltz, 456');
insert into "enderecos" ("bairro", "cep", "cidade", "complemento", "estado", "id", "logradouro") values ('São Lázaro', '68908560', 'Macapá', '', 'AP', '1032', 'Avenida Armando Tupan Alves de Abreu, 112');

insert into "clientes" ("cpf", "data_nascimento", "email", "endereco_id", "id", "nome", "sexo", "telefone") values ('62588813437', '1997-03-31', 'bruno_moraes@yahoo.com', '1001', '1001', 'Bruno Matheus Moraes', 'M', '(21) 2071-6221');
insert into "clientes" ("cpf", "data_nascimento", "email", "endereco_id", "id", "nome", "sexo", "telefone") values ('42957158167', '1996-03-15', 'jessica_aparecida_novaes@htomail.com', '1002', '1002', 'Jéssica Aparecida Novaes', 'F', '(61) 98700-4296');
insert into "clientes" ("cpf", "data_nascimento", "email", "endereco_id", "id", "nome", "sexo", "telefone") values ('21218635240', '1989-11-25', 'viniciusmariobernardes@indaseg.com.br', '1003', '1003', 'Vinicius Mário Lucas Bernardes', 'M', '(38) 3651-8223');
insert into "clientes" ("cpf", "data_nascimento", "email", "endereco_id", "id", "nome", "sexo", "telefone") values ('03085042245', '1995-09-21', 'tiagobernardocavalcanti@achievecidadenova.com.br', '1004', '1004', 'Tiago Bernardo Cavalcanti', 'M', '(82) 3735-6724');
insert into "clientes" ("cpf", "data_nascimento", "email", "endereco_id", "id", "nome", "sexo", "telefone") values ('73374923160', '2001-12-13', 'cesar_gomes@br.festo.com', '1005', '1005', 'César Diogo Gomes', 'M', '(63) 2985-3955');
insert into "clientes" ("cpf", "data_nascimento", "email", "endereco_id", "id", "nome", "sexo", "telefone") values ('49798119576', '1995-05-13', 'bento.vieira@fundasa.com.br', '1006', '1006', 'Bento Marcos Vieira', 'M', '(82) 98925-2108');
insert into "clientes" ("cpf", "data_nascimento", "email", "endereco_id", "id", "nome", "sexo", "telefone") values ('48493931527', '1999-10-09', 'renata.ayla.bernardes@jglima.com.br', '1007', '1007', 'Renata Ayla Sônia Bernardes', 'F', '(68) 98104-8154');
insert into "clientes" ("cpf", "data_nascimento", "email", "endereco_id", "id", "nome", "sexo", "telefone") values ('20968948596', '1998-03-29', 'elaine.peixoto@balloons.com.br', '1008', '1008', 'Elaine Vanessa Olivia Peixoto', 'F', '(91) 3905-7797');
insert into "clientes" ("cpf", "data_nascimento", "email", "endereco_id", "id", "nome", "sexo", "telefone") values ('30086822780', '2000-10-03', 'isabelle.cruz@queirozgalvao.com', '1009', '1009', 'Isabelle Gabrielly Maria da Cruz', 'F', '(71) 98716-3677');
insert into "clientes" ("cpf", "data_nascimento", "email", "endereco_id", "id", "nome", "sexo", "telefone") values ('38408979558', '2001-03-13', 'heitor.vieira@dyna.com.br', '1010', '1010', 'Heitor Anderson Vieira', 'M', '(96) 2650-2196');
insert into "clientes" ("cpf", "data_nascimento", "email", "endereco_id", "id", "nome", "sexo", "telefone") values ('25196490620', '1992-10-10', 'noah.fernandes@stembalagens.com.br', '1011', '1011', 'Noah Danilo Fernandes', 'M', '(92) 3574-9983');
insert into "clientes" ("cpf", "data_nascimento", "email", "endereco_id", "id", "nome", "sexo", "telefone") values ('83679984561', '1995-01-02', 'anderson.almada@unipsicotaubate.com.br', '1012', '1012', 'Anderson Lucas Almada', 'M', '(86) 2893-8240');
insert into "clientes" ("cpf", "data_nascimento", "email", "endereco_id", "id", "nome", "sexo", "telefone") values ('22948794226', '2002-10-22', 'fabiana.aparicio@sicredi.com.br', '1013', '11013', 'Fabiana Mirella Aparício', 'F', '(16) 3564-6965');
insert into "clientes" ("cpf", "data_nascimento", "email", "endereco_id", "id", "nome", "sexo", "telefone") values ('46121422254', '1990-12-10', 'lucia.rezende@technocut.com.br', '1014', '1014', 'Lúcia Louise Fabiana Rezende', 'F', '(82) 98727-5163');
insert into "clientes" ("cpf", "data_nascimento", "email", "endereco_id", "id", "nome", "sexo", "telefone") values ('91959066307', '1987-01-12', 'lara.alves@parkhotel.com.br', '1015', '1015', 'Lara Joana Alves', 'F', '(22) 3664-8549');
insert into "clientes" ("cpf", "data_nascimento", "email", "endereco_id", "id", "nome", "sexo", "telefone") values ('82274183252', '1999-08-11', 'livia.moreira81@vnews.com.br', '1016', '1016', 'Lívia Eliane Márcia Moreira', 'F', '(84) 99373-8710');
insert into "clientes" ("cpf", "data_nascimento", "email", "endereco_id", "id", "nome", "sexo", "telefone") values ('52272254276', '2000-03-19', 'claudio.caldeira@kframe.com.br', '1017', '1017', 'Cláudio Marcos Caldeira', 'M', '(68) 98329-7579');
insert into "clientes" ("cpf", "data_nascimento", "email", "endereco_id", "id", "nome", "sexo", "telefone") values ('70340026065', '1997-07-23', 'lorena.lima@juliosimoes.com.br', '1018', '1018', 'Lorena Betina Lima', 'F', '(48) 99486-7192');
insert into "clientes" ("cpf", "data_nascimento", "email", "endereco_id", "id", "nome", "sexo", "telefone") values ('60779910745', '1988-09-10', 'felipe.cruz@fulltransport.com.br', '1019', '1019', 'Felipe Leandro da Cruz', 'M', '(47) 98769-7555');
insert into "clientes" ("cpf", "data_nascimento", "email", "endereco_id", "id", "nome", "sexo", "telefone") values ('63201989746', '1999-09-05', 'clara.pires@aquino.com.br', '1020', '1020', 'Clara Analu Jéssica Pires', 'F', '(68) 98931-1778');
insert into "clientes" ("cpf", "data_nascimento", "email", "endereco_id", "id", "nome", "sexo", "telefone") values ('92888882094', '1993-01-11', 'noah.mendes@gasparalmeida.com', '1021', '1021', 'Noah Márcio Mendes', 'M', '(41) 98342-3019');
insert into "clientes" ("cpf", "data_nascimento", "email", "endereco_id", "id", "nome", "sexo", "telefone") values ('84134906504', '1989-06-11', 'alicia.vieira@yoma.com.br', '1022', '1022', 'Alícia Agatha Marli Vieira', 'F', '(85) 3586-6583');
insert into "clientes" ("cpf", "data_nascimento", "email", "endereco_id", "id", "nome", "sexo", "telefone") values ('65541785111', '1991-04-15', 'rodrigo.neves@vilasites.com.br', '1023', '1023', 'Rodrigo Bruno Heitor das Neves', 'M', '(82) 98975-6762');
insert into "clientes" ("cpf", "data_nascimento", "email", "endereco_id", "id", "nome", "sexo", "telefone") values ('75410118359', '1985-10-11', 'nathan.galvao@bhcervejas.com.br', '1024', '1024', 'Nathan Bento Gael Galvão', 'M', '(21) 3737-7677');
insert into "clientes" ("cpf", "data_nascimento", "email", "endereco_id", "id", "nome", "sexo", "telefone") values ('69257125700', '1999-03-10', 'bruno.souza@directnet.com.br', '1025', '1025', 'Bruno Ruan Souza', 'M', '(92) 99726-4355');
insert into "clientes" ("cpf", "data_nascimento", "email", "endereco_id", "id", "nome", "sexo", "telefone") values ('45754718608', '2001-10-23', 'analu.bernardes@luxafit.com.br', '1026', '1026', 'Analu Agatha Nina Bernardes', 'F', '(61) 3517-9829');
insert into "clientes" ("cpf", "data_nascimento", "email", "endereco_id", "id", "nome", "sexo", "telefone") values ('59157829144', '1986-01-21', 'heloise.santos@lavabit.com', '1027', '1027', 'Heloise Brenda dos Santos', 'F', '(68) 99937-5044');
insert into "clientes" ("cpf", "data_nascimento", "email", "endereco_id", "id", "nome", "sexo", "telefone") values ('77927204890', '2000-11-11', 'sueli.araujo@ggm.com.br', '1028', '1028', 'Sueli Aparecida Betina Araújo', 'F', '(33) 2872-0787');
insert into "clientes" ("cpf", "data_nascimento", "email", "endereco_id", "id", "nome", "sexo", "telefone") values ('38175785985', '1999-12-10', 'benicio.dias@fclar.net.br', '1029', '1029', 'Benício Hugo Marcelo Dias', 'M', '(31) 98479-4002');
insert into "clientes" ("cpf", "data_nascimento", "email", "endereco_id", "id", "nome", "sexo", "telefone") values ('67288327000', '2001-10-03', 'ryan.goncalves@construtor.com.br', '1030', '1030', 'Ryan Renato Gonçalves', 'M', '(31) 98479-4002');
insert into "clientes" ("cpf", "data_nascimento", "email", "endereco_id", "id", "nome", "sexo", "telefone") values ('05866915960', '1995-02-23', 'luiz.moraes77@teadit.com.br', '1031', '1031', 'Luiz Tomás Moraes', 'M', '(51) 99608-2111');
insert into "clientes" ("cpf", "data_nascimento", "email", "endereco_id", "id", "nome", "sexo", "telefone") values ('14182180739', '2002-01-22', 'henry.assis84@danzarin.com.br', '1032', '1032', 'Henry Erick Assis', 'M', '(96) 99720-5549');

insert into "usuarios" ("ativo", "email", "id", "nome", "password") values (true, 'admin@mail.com', '1001', 'Maria Rita de Souza', '$2a$10$fCryhyWH8UZeU5IY8t.q1OTWQs83nNnobeHhQRbH8TxgVAVMUtDW.');
insert into "usuarios" ("ativo", "email", "id", "nome", "password") values (true, 'atend@mail.com', '1002', 'Ribamar de Sousa e Silva', '$2a$10$A/RNukPU0TRnobAQ2mKIBObtx.ZQZRvL.V2WIV3Om2Cd0MQ0H2Lay');
insert into "usuarios" ("ativo", "email", "id", "nome", "password") values (true, 'tecn@mail.com', '1003', 'José Maria da Silva', '$2a$10$yseK7Z9ZbZW2Gc2sV1ek7.Msh4TrQUwXU6Bbx2YrfCJLxT4XvyePe');

insert into "perfil" ("id", "perfil") values ('1', 'ADMIN');
insert into "perfil" ("id", "perfil") values ('2', 'TECN');
insert into "perfil" ("id", "perfil") values ('3', 'ATEND');

insert into "usuario_perfil" ("perfil_id", "usuario_id") values ('1', '1001');
insert into "usuario_perfil" ("perfil_id", "usuario_id") values ('3', '1002');
insert into "usuario_perfil" ("perfil_id", "usuario_id") values ('2', '1003');

insert into "recebimentos" ("cliente_id", "data_recebimento", "equipamento", "id", "marca", "modelo", "num_serie", "observacao", "status", "usuario_id") values ('1024', '2023-06-11 10:00:54', 'Impressora XPTO', '1001', 'XPTO', 'XPTO Serie X', 'xxx0-00115-21.1', 'Cabo de alimentação danificado', 'RECEBE_EQUIPAMENTO', '1002');
insert into "recebimentos" ("cliente_id", "data_recebimento", "equipamento", "id", "marca", "modelo", "num_serie", "observacao", "status", "usuario_id") values ('1028', '2023-06-11 10:05:54', 'Scanner XPTO', '1002', 'XPTO', 'XPTO Serie X1', 'xxx0-00135-21.1', 'Sem cabo de alimentação', 'RECEBE_EQUIPAMENTO', '1002');
insert into "recebimentos" ("cliente_id", "data_recebimento", "equipamento", "id", "marca", "modelo", "num_serie", "observacao", "status", "usuario_id") values ('1014', '2023-06-11 10:10:54', 'Filmadora XPTO', '1003', 'XPTO', 'XPTO Serie X0', 'xxx0-00115-22.1', 'Lente danificada', 'RECEBE_EQUIPAMENTO', '1002');
insert into "recebimentos" ("cliente_id", "data_recebimento", "equipamento", "id", "marca", "modelo", "num_serie", "observacao", "status", "usuario_id") values ('1001', '2023-06-11 10:15:54', 'Celular XPTO', '1004', 'XPTO', 'XPTO Serie X', 'xxx0-00315-21.1', 'Sem carregador', 'RECEBE_EQUIPAMENTO', '1002');
insert into "recebimentos" ("cliente_id", "data_recebimento", "equipamento", "id", "marca", "modelo", "num_serie", "observacao", "status", "usuario_id") values ('1019', '2023-06-11 10:20:54', 'Notebook XPTO', '1005', 'XPTO', 'XPTO Serie X', 'xxx0-00415-21.1', 'Sem observação', 'RECEBE_EQUIPAMENTO', '1002');
insert into "recebimentos" ("cliente_id", "data_recebimento", "equipamento", "id", "marca", "modelo", "num_serie", "observacao", "status", "usuario_id") values ('1025', '2023-06-11 10:25:54', 'Micro computador XPTO', '1006', 'XPTO', 'XPTO Serie X', 'xxx0-00515-21.1', 'Teste', 'RECEBE_EQUIPAMENTO', '1002');
insert into "recebimentos" ("cliente_id", "data_recebimento", "equipamento", "id", "marca", "modelo", "num_serie", "observacao", "status", "usuario_id") values ('1004', '2023-06-11 10:32:54', 'Câmera XPTO', '1007', 'XPTO', 'XPTO Serie X', 'xxx0-00615-21.1', 'Dono imbecil', 'RECEBE_EQUIPAMENTO', '1002');
insert into "recebimentos" ("cliente_id", "data_recebimento", "equipamento", "id", "marca", "modelo", "num_serie", "observacao", "status", "usuario_id") values ('1011', '2023-06-11 10:37:54', 'Impressora XPTO', '1008', 'XPTO', 'XPTO Serie X', 'xxx0-00115-41.1', 'Cara de lata', 'RECEBE_EQUIPAMENTO', '1002');
insert into "recebimentos" ("cliente_id", "data_recebimento", "equipamento", "id", "marca", "modelo", "num_serie", "observacao", "status", "usuario_id") values ('1017', '2023-06-11 10:42:54', 'Monitor XPTO', '1009', 'XPTO', 'XPTO Serie X', 'xxx0-00115-51.1', 'Cachorro fez cocô na tela', 'RECEBE_EQUIPAMENTO', '1002');
insert into "recebimentos" ("cliente_id", "data_recebimento", "equipamento", "id", "marca", "modelo", "num_serie", "observacao", "status", "usuario_id") values ('1015', '2023-06-11 10:47:54', 'Video XPTO', '1010', 'XPTO', 'XPTO Serie X', 'xxx0-00115-61.1', 'Nada a acrescentar', 'RECEBE_EQUIPAMENTO', '1002');
insert into "recebimentos" ("cliente_id", "data_recebimento", "equipamento", "id", "marca", "modelo", "num_serie", "observacao", "status", "usuario_id") values ('1032', '2023-06-11 10:52:54', 'Audio XPTO', '1011', 'XPTO', 'XPTO Serie X', 'xxx0-00115-71.1', 'Viche Maria', 'RECEBE_EQUIPAMENTO', '1002');
insert into "recebimentos" ("cliente_id", "data_recebimento", "equipamento", "id", "marca", "modelo", "num_serie", "observacao", "status", "usuario_id") values ('1009', '2023-06-11 10:56:54', 'Conector XPTO', '1012', 'XPTO', 'XPTO Serie X', 'xxx0-00115-81.1', 'Arre égua', 'RECEBE_EQUIPAMENTO', '1002');
